MP Name,Constituency,State,House,Allocated Amount (₹),Total Expenditure (₹),Utilization %,Completed Works,Recommended Works,Completion Rate %,Unspent Amount (₹),Transaction Count,Successful Payments,Pending Payments,Average Rating
Smt. S. Phangnon Konyak (2022-28),Sitting Rajya Sabha,Nagaland,Rajya Sabha,206563957.11,196106200.0,94.94,57,19,75.0,10457757.110000014,123,123,0,
S SUPONGMEREN JAMIR,NAGALAND,Nagaland,Lok Sabha,147000000.0,138150000.0,93.98,38,18,67.86,8850000.0,81,81,0,
VIJAYLAKSHMI DEVI,SIWAN,Bihar,Lok Sabha,147000000.0,134748616.0,91.67,95,87,52.2,12251384.0,142,120,22,
Smt. Darshana Singh (2022-28),Sitting Rajya Sabha,Uttar Pradesh,Rajya Sabha,196994373.87,174994106.0,88.83,31,16,65.96,22000267.870000005,133,132,1,
Shri Arun Kumar Sagar ,SHAHJAHANPUR,Uttar Pradesh,Lok Sabha,147000000.0,130143000.0,88.53,4,3,57.14,16857000.0,44,44,0,
Smt. Geeta alias Chandraprabha (2020-26),Sitting Rajya Sabha,Uttar Pradesh,Rajya Sabha,196063957.11,169877016.35,86.64,210,37,85.02,26186940.76000002,313,313,0,
Shri B.L. Verma (2020-26),Sitting Rajya Sabha,Uttar Pradesh,Rajya Sabha,196063957.11,168937264.09,86.16,350,64,84.54,27126693.02000001,804,803,1,
Smt. Sumitra Balmik (2022-28),Sitting Rajya Sabha,Madhya Pradesh,Rajya Sabha,196063957.11,163767349.0,83.53,62,116,34.83,32296608.110000014,419,418,1,
Ashok Kumar Rawat,MISRIKH,Uttar Pradesh,Lok Sabha,147000000.0,121139986.0,82.41,2,3,40.0,25860014.0,32,24,8,
Shri Ramji (2020-26),Sitting Rajya Sabha,Uttar Pradesh,Rajya Sabha,174518577.11,141923083.0,81.32,154,91,62.86,32595494.110000014,258,174,84,
SUKHDEO BHAGAT,LOHARDAGA,Jharkhand,Lok Sabha,171821957.11,138586757.0,80.66,80,204,28.17,33235200.110000014,358,353,5,
Shri R. Dharmar (2022-28),Sitting Rajya Sabha,Tamil Nadu,Rajya Sabha,260812242.52,207877791.0,79.7,189,55,77.46,52934451.52000001,198,198,0,
Shri Hardeep Singh Puri (2020-26),Sitting Rajya Sabha,Uttar Pradesh,Rajya Sabha,226801049.11,180480217.2,79.58,278,137,66.99,46320831.910000026,885,883,2,
Giridhari Yadav,BANKA,Bihar,Lok Sabha,147000000.0,114805889.0,78.1,85,35,70.83,32194111.0,96,96,0,
Shri Khiru Mahto (2022-28),Sitting Rajya Sabha,Bihar,Rajya Sabha,235770091.81,183791258.0,77.95,171,6,96.61,51978833.81,176,176,0,
Dr. Faiyaz Ahmad (2022-28),Sitting Rajya Sabha,Bihar,Rajya Sabha,235263957.11,181186677.0,77.01,130,59,68.78,54077280.110000014,172,165,7,
Smt. Ranjeet Ranjan (2022-28),Sitting Rajya Sabha,Chhattisgarh,Rajya Sabha,246780257.87,185739464.0,75.27,157,124,55.87,61040793.870000005,452,430,22,
Dr. Bhim Singh (2024-30),Sitting Rajya Sabha,Bihar,Rajya Sabha,186200000.0,139819329.0,75.09,233,82,73.97,46380671.0,281,280,1,
Shri S. Kalyanasundaram (2022-28),Sitting Rajya Sabha,Tamil Nadu,Rajya Sabha,239763792.52,178930791.0,74.63,141,44,76.22,60833001.52000001,180,179,1,
Shri Shambhu Sharan Patel (2022-28),Sitting Rajya Sabha,Bihar,Rajya Sabha,237168443.49,175484824.0,73.99,199,108,64.82,61683619.49000001,221,216,5,
Dr. Dharmshila Gupta (2024-30),Sitting Rajya Sabha,Bihar,Rajya Sabha,186200000.0,136714265.0,73.42,87,55,61.27,49485735.0,113,109,4,
RAM PRASAD CHAUDHARY,BASTI,Uttar Pradesh,Lok Sabha,204176957.11,148429426.0,72.7,37,146,20.22,55747531.110000014,239,238,1,1.0
ANDREW J. SYNGKON,SHILLONG,Meghalaya,Lok Sabha,98000000.0,70355000.0,71.79,96,146,39.67,27645000.0,320,318,2,
DR. RAJESH MISHRA,SIDHI,Madhya Pradesh,Lok Sabha,262724510.35,184783789.0,70.33,172,169,50.44,77940721.35,654,633,21,
Smt. Mahua Maji (2022-28),Sitting Rajya Sabha,Jharkhand,Rajya Sabha,232524001.2,163193927.0,70.18,150,315,32.26,69330074.19999999,598,598,0,
Shri R. Girirajan (2022-28),Sitting Rajya Sabha,Tamil Nadu,Rajya Sabha,236312242.52,165628943.0,70.09,150,71,67.87,70683299.52000001,190,187,3,
Shri Aditya Prasad (2022-28),Sitting Rajya Sabha,Jharkhand,Rajya Sabha,227628508.2,159474868.0,70.06,141,85,62.39,68153640.19999999,383,382,1,
Smt. Sadhna Singh (2024-30),Sitting Rajya Sabha,Uttar Pradesh,Rajya Sabha,147000000.0,101298179.0,68.91,5,13,27.78,45701821.0,37,33,4,
Pradyut Bordoloi,NOWGONG,Assam,Lok Sabha,98000000.0,67125657.0,68.5,13,202,6.05,30874343.0,471,459,12,
Shri Gulam Ali (2022-28),Nominated Rajya Sabha,Jammu And Kashmir,Rajya Sabha,196063957.11,134033715.0,68.36,156,29,84.32,62030242.110000014,192,190,2,
Shri Arun Singh (2020-26),Sitting Rajya Sabha,Uttar Pradesh,Rajya Sabha,223492764.11,151462382.0,67.77,46,65,41.44,72030382.11000001,197,190,7,
Dr. Sandeep Kumar Pathak (2022-28),Sitting Rajya Sabha,Punjab,Rajya Sabha,232203454.24,157067749.0,67.64,157,121,56.47,75135705.24000001,1090,1082,8,
Shri Satish Chandra Dubey (2022-28),Sitting Rajya Sabha,Bihar,Rajya Sabha,235263957.11,158349542.0,67.31,162,87,65.06,76914415.11000001,205,204,1,
Shri Sant Balbir Singh (2022-28),Sitting Rajya Sabha,Punjab,Rajya Sabha,196359074.44000003,131995905.41,67.22,206,166,55.38,64363169.03000003,757,755,2,
Shri Tapir Gao,ARUNACHAL EAST,Arunachal Pradesh,Lok Sabha,147000000.0,98534470.0,67.03,106,58,64.63,48465530.0,199,195,4,
SUDHAKAR SINGH,BUXAR,Bihar,Lok Sabha,185211956.54,123581875.0,66.72,98,106,48.04,61630081.53999999,176,175,1,
ANOOP PRADHAN BALMIKI,HATHRAS,Uttar Pradesh,Lok Sabha,147000000.0,97915147.0,66.61,69,37,65.09,49084853.0,141,141,0,
Shri Jaggesh (2022-28),Sitting Rajya Sabha,Karnataka,Rajya Sabha,196063957.11,130587101.0,66.6,126,82,60.58,65476856.110000014,166,166,0,
NEERAJ MAURYA,AONLA,Uttar Pradesh,Lok Sabha,147000000.0,97488644.0,66.32,17,19,47.22,49511356.0,101,101,0,
THARANIVENTHAN M S,ARANI,Tamil Nadu,Lok Sabha,168337124.35,111315790.0,66.13,180,137,56.78,57021334.349999994,214,214,0,
SALENG A SANGMA,TURA,Meghalaya,Lok Sabha,147000000.0,96785000.0,65.84,119,218,35.31,50215000.0,424,420,4,
RAJ BHUSHAN CHOUDHARY,MUZAFFARPUR,Bihar,Lok Sabha,147000000.0,96375137.0,65.56,77,43,64.17,50624863.0,90,90,0,
Rajkumar Chahar ,FATEHPUR SIKRI,Uttar Pradesh,Lok Sabha,147000000.0,96369831.0,65.56,45,5,90.0,50630169.0,92,92,0,
DR. LATA WANKHEDE,SAGAR,Madhya Pradesh,Lok Sabha,147000000.0,95996591.0,65.3,81,155,34.32,51003409.0,250,244,6,
AKSHAYA YADAV,FIROZABAD,Uttar Pradesh,Lok Sabha,147000000.0,95931875.0,65.26,37,6,86.05,51068125.0,83,83,0,
KAMLESH JANGDE,JANJGIR CHAMPA,Chhattisgarh,Lok Sabha,150384382.11,98097656.0,65.23,254,90,73.84,52286726.110000014,599,596,3,
CHHATRA PAL SINGH GANGWAR,BAREILLY,Uttar Pradesh,Lok Sabha,147000000.0,95712065.0,65.11,142,44,76.34,51287935.0,290,290,0,
MANOJ KUMAR,SASARAM,Bihar,Lok Sabha,147000000.0,95686097.0,65.09,82,112,42.27,51313903.0,122,120,2,
KARAN BHUSHAN SINGH,KAISERGANJ,Uttar Pradesh,Lok Sabha,147000000.0,95454825.0,64.94,33,75,30.56,51545175.0,145,143,2,
Dr. Kavita Patidar (2022-28),Sitting Rajya Sabha,Madhya Pradesh,Rajya Sabha,197118521.35,127377000.12,64.62,142,75,65.44,69741521.23000002,427,426,1,
RICHARD VANLALHMANGAIHA,MIZORAM,Mizoram,Lok Sabha,147000000.0,94866729.0,64.54,134,132,50.38,52133271.0,317,316,1,
Indra Hang Subba,SIKKIM,Sikkim,Lok Sabha,152003923.11,98023420.0,64.49,38,81,31.93,53980503.110000014,80,80,0,
Shri K.R.N. Rajeshkumar (2022-28),Sitting Rajya Sabha,Tamil Nadu,Rajya Sabha,238513975.53,152999036.0,64.15,84,18,82.35,85514939.53,97,95,2,
ANGOMCHA BIMOL AKOIJAM,INNER MANIPUR,Manipur,Lok Sabha,147000000.0,93860392.0,63.85,21,29,42.0,53139608.0,67,66,1,
GAIKWAD VARSHA EKNATH,MUMBAI NORTH-CENTRAL,Maharashtra,Lok Sabha,147000000.0,92563767.0,62.97,0,57,0.0,54436233.0,54,51,3,
SK NURUL ISLAM,BASIRHAT,West Bengal,Lok Sabha,49000000.0,30740105.0,62.73,6,26,18.75,18259895.0,21,21,0,
AWADHESH PRASAD,FAIZABAD,Uttar Pradesh,Lok Sabha,147000000.0,92097873.0,62.65,97,106,47.78,54902127.0,288,242,46,
Dr. K. Laxman (2022-28),Sitting Rajya Sabha,Uttar Pradesh,Rajya Sabha,197637007.11,123809716.0,62.65,275,48,85.14,73827291.11000001,323,311,12,
RAKESH RATHOR,SITAPUR,Uttar Pradesh,Lok Sabha,147000000.0,91524162.0,62.26,21,50,29.58,55475838.0,105,104,1,
SARABJEET SINGH KHALSA,FARIDKOT,Punjab,Lok Sabha,150850348.15,93855473.0,62.22,227,389,36.85,56994875.150000006,703,699,4,
SHER SINGH GHUBAYA,FIROZPUR,Punjab,Lok Sabha,147000000.0,91425989.0,62.19,361,34,91.39,55574011.0,450,450,0,
CHHOTELAL,ROBERTSGANJ,Uttar Pradesh,Lok Sabha,147000000.0,90952339.0,61.87,261,174,60.0,56047661.0,728,724,4,
Dinesh Chandra Yadav,MADHEPURA,Bihar,Lok Sabha,150070866.11,92486814.0,61.63,105,51,67.31,57584052.110000014,113,113,0,
SACHITHANANTHAM R,DINDIGUL,Tamil Nadu,Lok Sabha,147000000.0,90527072.0,61.58,50,84,37.31,56472928.0,86,84,2,
Manickam Tagore B,VIRUDHUNAGAR,Tamil Nadu,Lok Sabha,147000000.0,90165437.0,61.34,69,19,78.41,56834563.0,93,92,1,
Prof SP Singh Baghel,AGRA,Uttar Pradesh,Lok Sabha,147000000.0,90115338.0,61.3,55,55,50.0,56884662.0,127,127,0,
Shri Dorjee Tshering Lepcha (2024-30),Sitting Rajya Sabha,Sikkim,Rajya Sabha,150170726.11,91921040.0,61.21,85,33,72.03,58249686.110000014,183,183,0,
Shri Karti P Chidambaram ,SIVAGANGA,Tamil Nadu,Lok Sabha,159049284.11,97237605.0,61.14,117,67,63.59,61811679.110000014,145,145,0,
Dr. Sikander Kumar (2022-28),Sitting Rajya Sabha,Himachal Pradesh,Rajya Sabha,207863957.11,126911197.04,61.05,168,226,42.64,80952760.07000001,418,405,13,
Shri Ratanjit Pratap Narain Singh (2024-30),Sitting Rajya Sabha,Uttar Pradesh,Rajya Sabha,147000000.0,89673432.0,61.0,83,42,66.4,57326568.0,213,208,5,
Asit Kumar Mal ,BOLPUR,West Bengal,Lok Sabha,275694456.74,167302248.0,60.68,134,68,66.34,108392208.74,156,153,3,
Dr Mohammad Jawed,KISHANGANJ,Bihar,Lok Sabha,148669229.11,89065400.0,59.91,130,74,63.73,59603829.110000014,138,138,0,
BHARTI PARDHI,BALAGHAT,Madhya Pradesh,Lok Sabha,154398389.01,92426127.0,59.86,80,85,48.48,61972262.00999999,491,485,6,
Shri Satish Kumar Gautam ,ALIGARH,Uttar Pradesh,Lok Sabha,147000000.0,87713538.0,59.67,21,55,27.63,59286462.0,127,127,0,
Kiren Rijiju,ARUNACHAL WEST,Arunachal Pradesh,Lok Sabha,147000000.0,87533016.0,59.55,114,17,87.02,59466984.0,162,155,7,
Sanjay Seth ,RANCHI,Jharkhand,Lok Sabha,147064357.11,87528580.0,59.52,49,101,32.67,59535777.110000014,238,232,6,
K E PRAKASH,ERODE,Tamil Nadu,Lok Sabha,147000000.0,87182728.0,59.31,141,101,58.26,59817272.0,148,147,1,
CHANDRA SHEKHAR,NAGINA,Uttar Pradesh,Lok Sabha,147000000.0,87033825.0,59.21,286,227,55.75,59966175.0,893,784,109,
Janardan Mishra,REWA,Madhya Pradesh,Lok Sabha,147000000.0,86935425.0,59.14,1,106,0.93,60064575.0,78,76,2,
CN Annadurai,TIRUVANNAMALAI,Tamil Nadu,Lok Sabha,148579509.11,87500808.0,58.89,171,23,88.14,61078701.110000014,180,180,0,
Suresh Kumar Kashyap,SHIMLA,Himachal Pradesh,Lok Sabha,153563957.11,90424211.0,58.88,83,446,15.69,63139746.110000014,591,586,5,
NALIN SOREN,DUMKA,Jharkhand,Lok Sabha,147364097.11,86550781.0,58.73,106,319,24.94,60813316.110000014,289,289,0,
LALJI VERMA,AMBEDKAR NAGAR,Uttar Pradesh,Lok Sabha,147000000.0,86165424.0,58.62,61,202,23.19,60834576.0,287,280,7,
ADITYA YADAV,BADAUN,Uttar Pradesh,Lok Sabha,147000000.0,85488147.0,58.16,41,64,39.05,61511853.0,186,162,24,
Ganesan Selvam,KANCHEEPURAM,Tamil Nadu,Lok Sabha,186508749.11,108395338.0,58.12,272,177,60.58,78113411.11000001,289,288,1,
Shri Mukul Wasnik (2022-28),Sitting Rajya Sabha,Rajasthan,Rajya Sabha,196063957.11,113678488.01,57.98,94,79,54.34,82385469.10000001,452,439,13,
ALFRED KANNGAM S ARTHUR,OUTER MANIPUR,Manipur,Lok Sabha,147000000.0,84951963.0,57.79,15,20,42.86,62048037.0,72,70,2,
Shri Pradip Kumar Varma (2024-30),Sitting Rajya Sabha,Jharkhand,Rajya Sabha,178564551.09,101069118.0,56.6,24,214,10.08,77495433.09,244,230,14,
Durga Das Uikey ,BETUL,Madhya Pradesh,Lok Sabha,151569502.91,85636977.0,56.5,288,214,57.37,65932525.91,437,435,2,
TANUJ PUNIA,BARABANKI,Uttar Pradesh,Lok Sabha,148198170.11,83397272.0,56.27,13,20,39.39,64800898.110000014,30,30,0,
Arvind Dharmapuri,NIZAMABAD,Telangana,Lok Sabha,281396355.11,158096817.0,56.18,476,440,51.97,123299538.11,526,525,1,
Shri P. Chidambaram (2022-28),Sitting Rajya Sabha,Tamil Nadu,Rajya Sabha,236312242.52,132583554.0,56.11,75,69,52.08,103728688.52,188,186,2,
Mahesh Sharma,GAUTAM BUDDHA NAGAR,Uttar Pradesh,Lok Sabha,148816284.11,83408358.0,56.05,68,103,39.77,65407926.110000014,130,126,4,
Dr. Vikramjit Singh Sahney (2022-28),Sitting Rajya Sabha,Punjab,Rajya Sabha,198656208.57,111224375.74,55.99,27,33,45.0,87431832.83000003,348,346,2,
Shri Naresh Bansal (2020-26),Sitting Rajya Sabha,Uttarakhand,Rajya Sabha,222043184.71,124316327.0,55.99,106,127,45.49,97726857.71,215,212,3,
V S Matheswaran,NAMAKKAL,Tamil Nadu,Lok Sabha,162539930.11,90580955.0,55.73,139,70,66.51,71958975.11000001,141,137,4,
K Subbarayan,TIRUPPUR,Tamil Nadu,Lok Sabha,147000000.0,81901423.0,55.72,65,53,55.08,65098577.0,75,75,0,
DEVESH SHAKYA,ETAH,Uttar Pradesh,Lok Sabha,147000000.0,81351075.0,55.34,220,106,67.48,65648925.0,581,581,0,
Gyaneshwar Patil,KHANDWA,Madhya Pradesh,Lok Sabha,155690684.77,86011926.0,55.25,164,222,42.49,69678758.77000001,459,458,1,
Shri Meda Raghunadha Reddy (2024-30),Sitting Rajya Sabha,Andhra Pradesh,Rajya Sabha,147000000.0,81094462.0,55.17,110,139,44.18,65905538.0,137,131,6,
SHASHANK MANI,DEORIA,Uttar Pradesh,Lok Sabha,147000000.0,80936917.0,55.06,45,81,35.71,66063083.0,142,133,9,
CHANDAN CHAUHAN,BIJNOR,Uttar Pradesh,Lok Sabha,147000000.0,80796698.0,54.96,14,102,12.07,66203302.0,209,188,21,
Shri Narendra Modi,VARANASI,Uttar Pradesh,Lok Sabha,162070276.11,88819703.0,54.8,191,25,88.43,73250573.11000001,191,155,36,
TARIQ ANWAR,KATIHAR,Bihar,Lok Sabha,147000000.0,79735060.0,54.24,60,26,69.77,67264940.0,82,77,5,
Vijay Kumar Dubey,KUSHI NAGAR,Uttar Pradesh,Lok Sabha,148900000.0,80256423.0,53.9,132,90,59.46,68643577.0,324,322,2,
SAVITRI THAKUR,DHAR,Madhya Pradesh,Lok Sabha,147000000.0,78825366.0,53.62,179,160,52.8,68174634.0,479,432,47,
Shri Rwngwra Narzary (2022-28),Sitting Rajya Sabha,Assam,Rajya Sabha,220563957.11,118006237.0,53.5,16,150,9.64,102557720.11,174,174,0,
Smt Harsimrat Kaur Badal,BHATINDA,Punjab,Lok Sabha,159775982.39,84901458.0,53.14,144,206,41.14,74874524.38999999,1471,1410,61,
Vishnu Dayal Ram,PALAMU,Jharkhand,Lok Sabha,158176083.11,83852477.0,53.01,117,154,43.17,74323606.11000001,333,332,1,
KALI CHARAN MUNDA,KHUNTI,Jharkhand,Lok Sabha,147000000.0,77772545.0,52.91,31,274,10.16,69227455.0,240,240,0,
D Ravikumar ,VILUPPURAM,Tamil Nadu,Lok Sabha,197598306.11,104427486.0,52.85,222,66,77.08,93170820.11,229,225,4,
Shri Vivek K. Tankha (2022-28),Sitting Rajya Sabha,Madhya Pradesh,Rajya Sabha,220563957.11,116275421.0,52.72,118,388,23.32,104288536.11,632,625,7,
Shri Anil Firojiya,UJJAIN,Madhya Pradesh,Lok Sabha,147000000.0,77451399.0,52.69,152,96,61.29,69548601.0,290,286,4,
Shri Imran Pratapgarhi (2022-28),Sitting Rajya Sabha,Maharashtra,Rajya Sabha,196000000.0,102738277.0,52.42,53,55,49.07,93261723.0,75,75,0,
Shankar Lalwani,INDORE,Madhya Pradesh,Lok Sabha,147000000.0,76896131.0,52.31,145,137,51.42,70103869.0,272,260,12,
Shri Narayanasa K. Bhandage (2024-30),Sitting Rajya Sabha,Karnataka,Rajya Sabha,147450000.0,77113625.0,52.3,87,69,55.77,70336375.0,165,163,2,
Kalyan Banerjee,SREERAMPUR,West Bengal,Lok Sabha,147000000.0,76719145.0,52.19,83,37,69.17,70280855.0,110,110,0,
Sasikanth Senthil,TIRUVALLUR,Tamil Nadu,Lok Sabha,171500000.0,89433784.0,52.15,87,95,47.8,82066216.0,133,129,4,
DAGGUMALLA PRASADA RAO,CHITTOOR,Andhra Pradesh,Lok Sabha,147000000.0,76341346.0,51.93,111,115,49.12,70658654.0,156,156,0,
MURASOLI S,THANJAVUR,Tamil Nadu,Lok Sabha,147000000.0,76201785.0,51.84,45,44,50.56,70798215.0,71,69,2,
Shri Chunnilal Garasiya (2024-30),Sitting Rajya Sabha,Rajasthan,Rajya Sabha,147000000.0,75813515.0,51.57,24,152,13.64,71186485.0,177,176,1,
Mr Gopal Jee Thakur,DARBHANGA,Bihar,Lok Sabha,147000000.0,75767756.0,51.54,59,120,32.96,71232244.0,156,156,0,
RAMESH AWASTHI,KANPUR,Uttar Pradesh,Lok Sabha,147000000.0,75758324.0,51.54,48,66,42.11,71241676.0,98,77,21,
Bidyut Baran Mahato,JAMSHEDPUR,Jharkhand,Lok Sabha,147000000.0,75745972.0,51.53,2,176,1.12,71254028.0,189,189,0,
MALVINDER SINGH KANG,ANANDPUR SAHIB,Punjab,Lok Sabha,147000000.0,75589623.0,51.42,109,236,31.59,71410377.0,758,739,19,
VINOD KUMAR BIND,BHADOHI,Uttar Pradesh,Lok Sabha,147000000.0,75517267.0,51.37,407,137,74.82,71482733.0,525,418,107,
Shri Pramod Tiwari (2022-28),Sitting Rajya Sabha,Rajasthan,Rajya Sabha,196063957.11,100649660.0,51.34,64,67,48.85,95414297.11,219,218,1,
Ajay Kumar Mandal,BHAGALPUR,Bihar,Lok Sabha,147000000.0,75252620.0,51.19,38,36,51.35,71747380.0,71,71,0,
DR. RAJ KUMAR CHABBEWAL,HOSHIARPUR,Punjab,Lok Sabha,147000000.0,75095197.0,51.09,93,186,33.33,71904803.0,1254,1242,12,
UTKARSH VERMA MADHUR,KHERI,Uttar Pradesh,Lok Sabha,147000000.0,74909150.0,50.96,347,13,96.39,72090850.0,699,697,2,
Shri Harsh Mahajan (2024-30),Sitting Rajya Sabha,Himachal Pradesh,Rajya Sabha,147000000.0,74881105.0,50.94,152,305,33.26,72118895.0,470,463,7,
KRISHNA DEVI SHIVSHANKER PATEL,BANDA,Uttar Pradesh,Lok Sabha,147000000.0,74835215.67,50.91,202,240,45.7,72164784.33,329,328,1,
MOHIBBULLAH,RAMPUR,Uttar Pradesh,Lok Sabha,147000000.0,74744421.0,50.85,219,161,57.63,72255579.0,344,300,44,
Pratima Mondal ,JOYNAGAR,West Bengal,Lok Sabha,147000000.0,74379705.0,50.6,169,54,75.78,72620295.0,185,185,0,
RADHE SHYAM RATHIYA,RAIGARH,Chhattisgarh,Lok Sabha,159706972.09,80152296.0,50.19,72,66,52.17,79554676.09,211,209,2,
PRABHAKAR REDDY VEMIREDDY,NELLORE,Andhra Pradesh,Lok Sabha,147000000.0,73610054.0,50.07,123,34,78.34,73389946.0,136,135,1,
Smt. Sonia Gandhi (2024-30),Sitting Rajya Sabha,Rajasthan,Rajya Sabha,147000000.0,73600244.0,50.07,46,82,35.94,73399756.0,144,140,4,
Shri Surendra Singh Nagar (2022-28),Sitting Rajya Sabha,Uttar Pradesh,Rajya Sabha,220563957.11,109500434.16,49.65,98,200,32.89,111063522.95000002,281,272,9,
ABHAY KUMAR SINHA,AURANGABAD,Bihar,Lok Sabha,147000000.0,72972894.0,49.64,124,147,45.76,74027106.0,158,156,2,
Shri Babubhai Jesangbhai Desai (2023-29),Sitting Rajya Sabha,Gujarat,Rajya Sabha,171500000.0,84930425.0,49.52,137,128,51.7,86569575.0,170,166,4,
ROOP KUMARI CHOUDHARY,MAHASAMUND,Chhattisgarh,Lok Sabha,153035414.0,75772172.0,49.51,72,107,40.22,77263242.0,249,243,6,
BALRAM NAIK PORIKA,MAHABUBABAD,Telangana,Lok Sabha,147000000.0,72320239.0,49.2,238,121,66.3,74679761.0,292,292,0,
Gumma Thanuja Rani,ARAKU,Andhra Pradesh,Lok Sabha,149458905.11,73149314.0,48.94,28,104,21.21,76309591.11000001,90,86,4,
Kalanidhi Veeraswamy,CHENNAI NORTH,Tamil Nadu,Lok Sabha,171500000.0,83933669.0,48.94,40,60,40.0,87566331.0,57,57,0,
RAJA RAM SINGH,KARAKAT,Bihar,Lok Sabha,147000000.0,71841783.0,48.87,114,212,34.97,75158217.0,191,187,4,
KALIPADA SAREN,JHARGRAM,West Bengal,Lok Sabha,147000000.0,71784126.0,48.83,40,23,63.49,75215874.0,49,48,1,
Shri Abhishek Banerjee,DIAMOND HARBOUR,West Bengal,Lok Sabha,147000000.0,71510891.0,48.65,200,120,62.5,75489109.0,262,260,2,
M.K. VISHNUPRASAD,CUDDALORE,Tamil Nadu,Lok Sabha,147000000.0,71295556.0,48.5,74,40,64.91,75704444.0,90,90,0,
AFZAL ANSARI,GHAZIPUR,Uttar Pradesh,Lok Sabha,220500000.0,106722563.0,48.4,35,396,8.12,113777437.0,285,283,2,
Kirti Vardhan Singh,GONDA,Uttar Pradesh,Lok Sabha,147000000.0,71075338.0,48.35,35,118,22.88,75924662.0,180,176,4,
BIJULI KALITA MEDHI,GUWAHATI,Assam,Lok Sabha,147000000.0,71052648.0,48.34,5,145,3.33,75947352.0,165,165,0,
Smt. Sudha Murty (2024-30),Nominated Rajya Sabha,Karnataka,Rajya Sabha,147000000.0,71000000.0,48.3,0,10,0.0,76000000.0,8,8,0,
Bharatsinhji Shankarji Dabhi,PATAN,Gujarat,Lok Sabha,147000000.0,70906510.0,48.24,160,157,50.47,76093490.0,201,194,7,
KISHORI LAL,AMETHI,Uttar Pradesh,Lok Sabha,171500000.0,82481354.0,48.09,19,31,38.0,89018646.0,75,70,5,
Rajnath Singh,LUCKNOW,Uttar Pradesh,Lok Sabha,154808797.11,74407887.0,48.06,31,71,30.39,80400910.11000001,74,71,3,
Jyotsna Charandas Mahant ,KORBA,Chhattisgarh,Lok Sabha,155153738.11,74559859.0,48.06,136,174,43.87,80593879.11000001,431,426,5,
Shri Ravi Chandra Vaddiraju (2024-30),Sitting Rajya Sabha,Telangana,Rajya Sabha,152732534.11,73173325.0,47.91,107,169,38.77,79559209.11000001,162,161,1,
AMARSING TISSO,Diphu,Assam,Lok Sabha,147000000.0,70190709.0,47.75,41,53,43.62,76809291.0,192,172,20,
Smt. Maya Naroliya (2024-30),Sitting Rajya Sabha,Madhya Pradesh,Rajya Sabha,147000000.0,70041767.0,47.65,16,140,10.26,76958233.0,180,170,10,
PRIYA SAROJ,MACHHLISHAHR,Uttar Pradesh,Lok Sabha,147000000.0,69805592.0,47.49,725,670,51.97,77194408.0,1048,1047,1,
Radha Mohan Singh,PURVI CHAMPARAN,Bihar,Lok Sabha,147000000.0,69803891.0,47.49,60,64,48.39,77196109.0,83,80,3,
Mansukhbhai Dhanjibhai Vasava,BHARUCH,Gujarat,Lok Sabha,147000000.0,69778294.0,47.47,204,194,51.26,77221706.0,244,236,8,
Shri G.C. Chandrashekhar (2024-30),Sitting Rajya Sabha,Karnataka,Rajya Sabha,147000000.0,69767504.0,47.46,62,133,31.79,77232496.0,149,146,3,
Shri Kapil Sibal (2022-28),Sitting Rajya Sabha,Uttar Pradesh,Rajya Sabha,196063957.11,92839935.12,47.35,64,155,29.22,103224021.99,290,279,11,
Shri B Y Raghavendra ,SHIMOGA,Karnataka,Lok Sabha,147000000.0,69561261.0,47.32,49,213,18.7,77438739.0,296,295,1,
BALWANT BASWANT WANKHADE,AMRAVATI,Maharashtra,Lok Sabha,198293678.0,93790658.0,47.3,51,116,30.54,104503020.0,120,105,15,
Prasun Banerjee,HOWRAH,West Bengal,Lok Sabha,147000000.0,69024743.0,46.96,136,78,63.55,77975257.0,157,146,11,
Swami Sachchidanandhari Sakshi ji Maharaj ,UNNAO,Uttar Pradesh,Lok Sabha,147000000.0,68421377.0,46.55,12,77,13.48,78578623.0,69,62,7,
Thirumaa Valavan Thol,CHIDAMBARAM,Tamil Nadu,Lok Sabha,147000000.0,68203692.0,46.4,45,32,58.44,78796308.0,79,78,1,
Shri V. Vijayendra Prasad (2022-28),Nominated Rajya Sabha,Andhra Pradesh,Rajya Sabha,196063957.11,90827947.0,46.33,74,121,37.95,105236010.11,113,107,6,
DR. HEMANG JOSHI,VADODARA,Gujarat,Lok Sabha,147000000.0,68089263.0,46.32,71,134,34.63,78910737.0,121,100,21,
Gajendra Singh Patel,KHARGONE,Madhya Pradesh,Lok Sabha,147000000.0,68043845.0,46.29,104,232,30.95,78956155.0,382,380,2,
JAI PARKASH,HISAR,Haryana,Lok Sabha,147000000.0,67953815.0,46.23,68,375,15.35,79046185.0,330,326,4,
Dr. Sarfraz Ahmad (2024-30),Sitting Rajya Sabha,Jharkhand,Rajya Sabha,178564551.09,82543604.0,46.23,20,273,6.83,96020947.09,186,156,30,
Shri Gurjeet Singh Aujla,AMRITSAR,Punjab,Lok Sabha,147000000.0,67439837.0,45.88,91,190,32.38,79560163.0,328,321,7,
Shri Harbhajan Singh (2022-28),Sitting Rajya Sabha,Punjab,Rajya Sabha,220984094.27,101056126.52,45.73,77,80,49.04,119927967.75,530,521,9,
Anurag Sharma ,JHANSI,Uttar Pradesh,Lok Sabha,147000000.0,67201462.0,45.72,79,83,48.77,79798538.0,242,235,7,
ANAND KUMAR,BAHRAICH,Uttar Pradesh,Lok Sabha,147000000.0,66987751.0,45.57,32,79,28.83,80012249.0,102,102,0,
Shri Hanuman Beniwal,NAGAUR,Rajasthan,Lok Sabha,147000000.0,66938015.0,45.54,175,75,70.0,80061985.0,315,314,1,
Smt. Sulata Deo (2022-28),Sitting Rajya Sabha,Odisha,Rajya Sabha,196084721.4,88913709.0,45.34,115,196,36.98,107171012.4,303,301,2,
K. RAJASHEKAR BASAVARAJ HITNAL,KOPPAL,Karnataka,Lok Sabha,147000000.0,66577182.0,45.29,67,126,34.72,80422818.0,200,199,1,
RAJEEV RAI,GHOSI,Uttar Pradesh,Lok Sabha,147000000.0,66462043.0,45.21,108,119,47.58,80537957.0,311,300,11,
RAJEEV BHARDWAJ,KANGRA,Himachal Pradesh,Lok Sabha,179388967.11,80583156.0,44.92,197,424,31.72,98805811.11,651,641,10,
RANJIT DUTTA,Sonitpur,Assam,Lok Sabha,147000000.0,65900399.0,44.83,22,127,14.77,81099601.0,322,321,1,
UMMEDA RAM BENIWAL,BARMER,Rajasthan,Lok Sabha,147000000.0,65781402.0,44.75,96,88,52.17,81218598.0,187,186,1,
SANJNA JATAV,BHARATPUR,Rajasthan,Lok Sabha,147000000.0,65761488.1,44.74,74,168,30.58,81238511.9,716,691,25,
BRIJMOHAN AGRAWAL,RAIPUR,Chhattisgarh,Lok Sabha,153766451.11,68756217.0,44.71,38,115,24.84,85010234.11000001,168,164,4,
RAHUL SINGH LODHI,DAMOH,Madhya Pradesh,Lok Sabha,163058785.37,72714957.0,44.59,173,126,57.86,90343828.37,342,340,2,
SURENDRA PRASAD YADAV,JAHANABAD,Bihar,Lok Sabha,155325714.0,68477331.0,44.09,141,161,46.69,86848383.0,200,197,3,
Dr. Anil Sukhdeorao Bonde (2022-28),Sitting Rajya Sabha,Maharashtra,Rajya Sabha,196063957.11,86399726.0,44.07,50,135,27.03,109664231.11,84,79,5,
Shri Naveen Jain (2024-30),Sitting Rajya Sabha,Uttar Pradesh,Rajya Sabha,147000000.0,64773227.0,44.06,10,124,7.46,82226773.0,94,94,0,
UJJWAL RAMAN SINGH,ALLAHABAD,Uttar Pradesh,Lok Sabha,147000000.0,64290040.0,43.73,3,28,9.68,82709960.0,66,59,7,
Shri Deepak (Dev) Adhikari ,GHATAL,West Bengal,Lok Sabha,200747364.0,87788715.0,43.73,165,40,80.49,112958649.0,176,176,0,
DURAI VAIKO,TIRUCHIRAPPALLI,Tamil Nadu,Lok Sabha,147000000.0,64219366.0,43.69,45,33,57.69,82780634.0,56,53,3,
C R Patil,NAVSARI,Gujarat,Lok Sabha,158532494.36,68363295.0,43.12,266,141,65.36,90169199.36,276,262,14,
RAJ KUMAR ROAT,BANSWARA,Rajasthan,Lok Sabha,147000000.0,63286521.0,43.05,22,82,21.15,83713479.0,121,121,0,
CHAMALA KIRAN KUMAR REDDY,BHONGIR,Telangana,Lok Sabha,147000000.0,62689273.0,42.65,417,71,85.45,84310727.0,434,433,1,
JOYANTA BASUMATARY,KOKRAJHAR,Assam,Lok Sabha,147000000.0,62530971.0,42.54,20,102,16.39,84469029.0,79,79,0,
ALOK SHARMA,BHOPAL,Madhya Pradesh,Lok Sabha,147000000.0,62492243.0,42.51,22,67,24.72,84507757.0,84,83,1,
MAHESH KASHYAP,BASTAR,Chhattisgarh,Lok Sabha,147000000.0,62420367.5,42.46,38,168,18.45,84579632.5,193,186,7,
YADUVEER KRISHNADATTA CHAMARAJA WADIYAR,MYSORE,Karnataka,Lok Sabha,147000000.0,62346570.0,42.41,34,148,18.68,84653430.0,178,176,2,
Kakoli Ghosh Dastidar ,BARASAT,West Bengal,Lok Sabha,147000000.0,61929956.0,42.13,76,107,41.53,85070044.0,100,100,0,
Mala Roy ,KOLKATA DAKSHIN,West Bengal,Lok Sabha,147000000.0,61582788.0,41.89,32,43,42.67,85417212.0,65,63,2,
Shri  Dharambir Singh,BHIWANI MAHENDRAGARH,Haryana,Lok Sabha,147000000.0,61518498.0,41.85,103,107,49.05,85481502.0,177,177,0,
SHOBHA KARANDLAJE,BANGALORE NORTH,Karnataka,Lok Sabha,147000000.0,61473509.0,41.82,21,88,19.27,85526491.0,104,104,0,
CHINTAMANI MAHARAJ,SARGUJA,Chhattisgarh,Lok Sabha,147000000.0,61420121.0,41.78,69,260,20.97,85579879.0,372,364,8,
DHARMENDRA YADAV,AZAMGARH,Uttar Pradesh,Lok Sabha,147000000.0,61248647.0,41.67,16,52,23.53,85751353.0,53,43,10,
IMRAN MASOOD,SAHARANPUR,Uttar Pradesh,Lok Sabha,147000000.0,61171580.0,41.61,51,51,50.0,85828420.0,73,70,3,
NAVEEN JINDAL,KURUKSHETRA,Haryana,Lok Sabha,147000000.0,61160248.0,41.61,113,88,56.22,85839752.0,255,255,0,
LUMBARAM,JALORE,Rajasthan,Lok Sabha,147000000.0,61110381.0,41.57,75,105,41.67,85889619.0,609,609,0,
SANATAN PANDEY,BALLIA,Uttar Pradesh,Lok Sabha,180420041.4,74595388.0,41.35,62,293,17.46,105824653.4,231,229,2,
Santosh Pandey,RAJNANDGAON,Chhattisgarh,Lok Sabha,147000000.0,60639114.0,41.25,71,107,39.89,86360886.0,245,236,9,
BHARATBHAI MANUBHAI SUTARIYA,AMRELI,Gujarat,Lok Sabha,147000000.0,60446765.0,41.12,154,175,46.81,86553235.0,183,175,8,
JITAN RAM MANJHI,GAYA,Bihar,Lok Sabha,147000000.0,59449374.0,40.44,152,108,58.46,87550626.0,187,186,1,
BHUPENDER YADAV,ALWAR,Rajasthan,Lok Sabha,147000000.0,59285868.0,40.33,31,43,41.89,87714132.0,67,67,0,
JOBA MAJHI,SINGHBHUM,Jharkhand,Lok Sabha,147000000.0,59054467.0,40.17,0,118,0.0,87945533.0,127,127,0,
CHANDUBHAI CHHAGANBHAI SHIHORA,SURENDRANAGAR,Gujarat,Lok Sabha,147000000.0,59047027.0,40.17,100,109,47.85,87952973.0,210,208,2,
DAMODAR AGARWAL,BHILWARA,Rajasthan,Lok Sabha,147000000.0,58990209.0,40.13,101,150,40.24,88009791.0,853,767,86,
BALYA MAMA SURESH GOPINATH MHATRE,BHIWANDI,Maharashtra,Lok Sabha,147000000.0,58859568.0,40.04,11,153,6.71,88140432.0,73,70,3,
Adv Dean Kuriakose,IDUKKI,Kerala,Lok Sabha,147000000.0,58754261.0,39.97,95,95,50.0,88245739.0,116,112,4,
Sunil Dattatray Tatkare,RAIGAD,Maharashtra,Lok Sabha,147000000.0,58660128.0,39.9,18,44,29.03,88339872.0,73,71,2,
DEEPENDER SINGH HOODA,ROHTAK,Haryana,Lok Sabha,147000000.0,58466003.0,39.77,70,107,39.55,88533997.0,144,142,2,
Kanimozhi Karunanidhi,THOOTHUKKUDI,Tamil Nadu,Lok Sabha,147000000.0,58344698.0,39.69,12,39,23.53,88655302.0,34,33,1,
SHREYAS. M. PATEL,HASSAN,Karnataka,Lok Sabha,147000000.0,58328008.0,39.68,23,181,11.27,88671992.0,179,174,5,
Mitesh Rameshbhai Bakabhai Patel,ANAND,Gujarat,Lok Sabha,147000000.0,58303147.0,39.66,247,280,46.87,88696853.0,293,283,10,5.0
DR C N MANJUNATH,BANGALORE RURAL,Karnataka,Lok Sabha,147000000.0,58047695.0,39.49,64,170,27.35,88952305.0,187,178,9,
BASAVARAJ BOMMAI,HAVERI,Karnataka,Lok Sabha,147000000.0,57936447.0,39.41,19,144,11.66,89063553.0,167,166,1,
Rahul Kaswan,CHURU,Rajasthan,Lok Sabha,147000000.0,57725218.0,39.27,37,206,15.23,89274782.0,540,514,26,
SUDAMA PRASAD,ARRAH,Bihar,Lok Sabha,147000000.0,57716958.0,39.26,66,153,30.14,89283042.0,86,83,3,
Vijay Baghel,DURG,Chhattisgarh,Lok Sabha,147000000.0,57650594.0,39.22,70,144,32.71,89349406.0,246,243,3,
DR. PRABHA MALLIKARJUN,DAVANAGERE,Karnataka,Lok Sabha,147000000.0,57444696.0,39.08,5,92,5.15,89555304.0,90,83,7,
Mala Rajya Laxmi Shah ,TEHRI GARHWAL,Uttarakhand,Lok Sabha,147000000.0,57285791.0,38.97,84,155,35.15,89714209.0,371,352,19,
RAMASHANKAR RAJBHAR,SALEMPUR,Uttar Pradesh,Lok Sabha,160056927.07,61281620.0,38.29,84,231,26.67,98775307.07,263,240,23,
GURMEET SINGH MEET HAYER,SANGRUR,Punjab,Lok Sabha,147000000.0,56281265.0,38.29,149,237,38.6,90718735.0,647,618,29,
PUSHPENDRA SAROJ,KAUSHAMBI,Uttar Pradesh,Lok Sabha,147000000.0,56198890.0,38.23,607,141,81.15,90801110.0,907,833,74,
Shri Neeraj Shekhar (2020-26),Sitting Rajya Sabha,Uttar Pradesh,Rajya Sabha,236483662.11,90266672.0,38.17,41,186,18.06,146216990.11,176,176,0,
Pradan Baruah,LAKHIMPUR,Assam,Lok Sabha,147000000.0,56052727.0,38.13,33,115,22.3,90947273.0,174,173,1,
Rajeshbhai Naranbhai Chudasama,JUNAGADH,Gujarat,Lok Sabha,147000000.0,56040284.0,38.12,152,147,50.84,90959716.0,176,170,6,
SUKHJINDER SINGH RANDHAWA,GURDASPUR,Punjab,Lok Sabha,147000000.0,56038398.0,38.12,90,237,27.52,90961602.0,396,380,16,
Parvatagouda Chandanagouda Gaddigoudar,BAGALKOT,Karnataka,Lok Sabha,167541747.11,63865076.0,38.12,92,136,40.35,103676671.11,232,230,2,
Shri Jual Oram,SUNDARGARH,Odisha,Lok Sabha,173096756.91,65790931.0,38.01,89,111,44.5,107305825.91,270,249,21,
ARUP CHAKRABORTY,BANKURA,West Bengal,Lok Sabha,147000000.0,55795450.0,37.96,40,30,57.14,91204550.0,42,42,0,
Sanjay Kumar Bandi,KARIMNAGAR,Telangana,Lok Sabha,172775317.11,65470195.0,37.89,171,468,26.76,107305122.11,306,303,3,
Smt Himadri Singh,SHAHDOL,Madhya Pradesh,Lok Sabha,150724861.11,57113796.0,37.89,45,124,26.63,93611065.11,166,163,3,
Saumitra khan ,BISHNUPUR,West Bengal,Lok Sabha,147000000.0,55661990.0,37.87,48,34,58.54,91338010.0,50,49,1,
ROBERT BRUCE C,TIRUNELVELI,Tamil Nadu,Lok Sabha,147475440.11,55819028.0,37.85,60,51,54.05,91656412.11,73,73,0,
BRIJENDRA SINGH OLA,JHUNJHUNU,Rajasthan,Lok Sabha,147000000.0,55610081.0,37.83,92,75,55.09,91389919.0,449,447,2,
TOKHAN SAHU,BILASPUR,Chhattisgarh,Lok Sabha,147000000.0,55525385.0,37.77,41,90,31.3,91474615.0,157,151,6,
Shri NK Premachandran,KOLLAM,Kerala,Lok Sabha,171477994.11,64475987.0,37.6,46,150,23.47,107002007.11,105,105,0,
Shri Chandra Prakash Choudhary,GIRIDIH,Jharkhand,Lok Sabha,147000000.0,54889366.0,37.34,49,625,7.27,92110634.0,297,266,31,
Smt Dimple Yadav,MAINPURI,Uttar Pradesh,Lok Sabha,192042469.11,71677973.0,37.32,53,111,32.32,120364496.11,148,125,23,
Devusinh Jesingbhai Chauhan,KHEDA,Gujarat,Lok Sabha,147000000.0,54783374.0,37.27,247,341,42.01,92216626.0,292,291,1,
Kani K Navas,RAMANATHAPURAM,Tamil Nadu,Lok Sabha,147000000.0,54425096.0,37.02,68,41,62.39,92574904.0,85,84,1,
Shri Anil Kumar Yadav Mandadi (2024-30),Sitting Rajya Sabha,Telangana,Rajya Sabha,147000000.0,54363174.0,36.98,71,31,69.61,92636826.0,73,73,0,
BUNTY VIVEK SAHU,CHHINDWARA,Madhya Pradesh,Lok Sabha,147000000.0,54099699.0,36.8,100,373,21.14,92900301.0,440,425,15,
RAVINDRA DATTARAM WAIKAR,MUMBAI NORTH WEST,Maharashtra,Lok Sabha,147000000.0,53799122.0,36.6,0,67,0.0,93200878.0,24,20,4,
GM Harish Balayogi,AMALAPURAM,Andhra Pradesh,Lok Sabha,147000000.0,53533502.0,36.42,41,68,37.61,93466498.0,66,62,4,
Dr. Ajeet Madhavrao Gopchade (2024-30),Sitting Rajya Sabha,Maharashtra,Rajya Sabha,147000000.0,53532752.0,36.42,44,48,47.83,93467248.0,52,51,1,
ZIA UR REHMAN,SAMBHAL,Uttar Pradesh,Lok Sabha,147000000.0,53111753.0,36.13,0,325,0.0,93888247.0,332,265,67,
Faggan Singh Kulaste,MANDLA,Madhya Pradesh,Lok Sabha,151861648.41,54608168.0,35.96,31,268,10.37,97253480.41,286,282,4,
Ms Mahua Moitra,KRISHNANAGAR,West Bengal,Lok Sabha,159865046.0,57382120.0,35.89,21,34,38.18,102482926.0,49,48,1,
Dr. Syed Naseer Hussain (2024-30),Sitting Rajya Sabha,Karnataka,Rajya Sabha,147000000.0,52745755.0,35.88,3,59,4.84,94254245.0,44,44,0,
DR DHARAMVIRA GANDHI,PATIALA,Punjab,Lok Sabha,147000000.0,52578687.0,35.77,52,275,15.9,94421313.0,1184,1167,17,
Maddila Gurumoorthy,TIRUPATI,Andhra Pradesh,Lok Sabha,180399007.0,64414143.0,35.71,110,181,37.8,115984864.0,167,149,18,
RUCHI VIRA,MORADABAD,Uttar Pradesh,Lok Sabha,147000000.0,52167110.0,35.49,165,108,60.44,94832890.0,559,559,0,
AASHTIKAR PATIL NAGESH BAPURAO,HINGOLI,Maharashtra,Lok Sabha,190289442.0,67522042.0,35.48,38,78,32.76,122767400.0,68,67,1,
BIPLAB KUMAR DEB,TRIPURA WEST,Tripura,Lok Sabha,147000000.0,51962677.0,35.35,7,24,22.58,95037323.0,26,26,0,
Smt Anupriya Patel,MIRZAPUR,Uttar Pradesh,Lok Sabha,147000000.0,51732584.0,35.19,0,10,0.0,95267416.0,10,6,4,
CHIRAG PASWAN,HAJIPUR,Bihar,Lok Sabha,147000000.0,51506335.0,35.04,47,66,41.59,95493665.0,54,48,6,
HARIBHAI PATEL,MAHESANA,Gujarat,Lok Sabha,147000000.0,51281778.0,34.89,150,427,26.0,95718222.0,268,260,8,
NARAYAN DAS AHIRWAR,JALAUN,Uttar Pradesh,Lok Sabha,147000000.0,51218010.8,34.84,36,331,9.81,95781989.2,292,284,8,1.0
SHOBHANABEN MAHENDRASINH BARAIYA,SABARKANTHA,Gujarat,Lok Sabha,147000000.0,51180570.0,34.82,122,152,44.53,95819430.0,144,134,10,
Vinod Chavda,KACHCHH,Gujarat,Lok Sabha,147000000.0,51051603.0,34.73,98,256,27.68,95948397.0,126,119,7,
Shri S. Selvaganabathy (2021-27),Sitting Rajya Sabha,Puducherry,Rajya Sabha,292881856.49,101658946.0,34.71,31,70,30.69,191222910.49,92,79,13,
ESWARASAMY K,POLLACHI,Tamil Nadu,Lok Sabha,162315106.11,56246950.0,34.65,46,34,57.5,106068156.11,57,56,1,
Alok Kumar Suman,GOPALGANJ,Bihar,Lok Sabha,147000000.0,50920280.0,34.64,43,112,27.74,96079720.0,56,55,1,
MALVIKA DEVI,KALAHANDI,Odisha,Lok Sabha,147000000.0,50804998.0,34.56,96,224,30.0,96195002.0,130,130,0,
IQRA CHOUDHARY,KAIRANA,Uttar Pradesh,Lok Sabha,147000000.0,50723960.0,34.51,45,42,51.72,96276040.0,62,55,7,
SELVARAJ V,NAGAPATTINAM,Tamil Nadu,Lok Sabha,147000000.0,50673389.0,34.47,44,41,51.76,96326611.0,61,59,2,
BHUMARE SANDIPANRAO ASARAM,AURANGABAD,Maharashtra,Lok Sabha,147000000.0,50596352.0,34.42,27,65,29.35,96403648.0,37,36,1,
Vellalath Kochukrishnan Nair Sreekandan,PALAKKAD,Kerala,Lok Sabha,147000000.0,50584788.0,34.41,98,107,47.8,96415212.0,127,124,3,1.0
SUNIL BOSE,CHAMARAJANAGAR,Karnataka,Lok Sabha,147000000.0,50427615.0,34.3,21,91,18.75,96572385.0,96,90,6,
DULU MAHATO,DHANBAD,Jharkhand,Lok Sabha,147000000.0,50288360.0,34.21,57,322,15.04,96711640.0,269,267,2,
Ajay Bhatt,NAINITAL UDHAM SINGH NAG.,Uttarakhand,Lok Sabha,147000000.0,50127226.0,34.1,85,376,18.44,96872774.0,888,821,67,
KALI CHARAN SINGH,CHATRA,Jharkhand,Lok Sabha,147000000.0,49787316.0,33.87,75,429,14.88,97212684.0,291,265,26,
SAYANI GHOSH,JADAVPUR,West Bengal,Lok Sabha,147000000.0,49785004.0,33.87,113,102,52.56,97214996.0,129,127,2,
Virendra Kumar,TIKAMGARH,Madhya Pradesh,Lok Sabha,147000000.0,49501421.0,33.67,12,347,3.34,97498579.0,219,210,9,
DR BYREDDY SHABARI,NANDYAL,Andhra Pradesh,Lok Sabha,150675889.11,50709419.0,33.65,70,129,35.18,99966470.11,116,115,1,
THANGA TAMILSELVAN,THENI,Tamil Nadu,Lok Sabha,147000000.0,49328291.0,33.56,24,72,25.0,97671709.0,56,50,6,
Kangana Ranaut,MANDI,Himachal Pradesh,Lok Sabha,147000000.0,48830820.0,33.22,53,267,16.56,98169180.0,304,218,86,
Shri Jairam Ramesh (2022-28),Sitting Rajya Sabha,Karnataka,Rajya Sabha,220563957.11,73253485.0,33.21,18,109,14.17,147310472.11,78,78,0,
Shri vijayakumar Vasanth,KANNIYAKUMARI,Tamil Nadu,Lok Sabha,171500000.0,56848972.0,33.15,39,62,38.61,114651028.0,64,60,4,
CAPTAIN BRIJESH CHOWTA,DAKSHINA KANNADA,Karnataka,Lok Sabha,147000000.0,48429304.0,32.95,75,131,36.41,98570696.0,103,93,10,
CAPTAIN VIRIATO FERNANDES,SOUTH GOA,Goa,Lok Sabha,147000000.0,48358008.0,32.9,44,86,33.85,98641992.0,78,78,0,
AJENDRA SINGH LODHI,HAMIRPUR,Uttar Pradesh,Lok Sabha,147000000.0,48355823.0,32.9,19,172,9.95,98644177.0,104,85,19,
Smt Satabdi Roy (Banerjee),BIRBHUM,West Bengal,Lok Sabha,147000000.0,48307379.6,32.86,62,35,63.92,98692620.4,67,67,0,
Jitendra Singh,UDHAMPUR,Jammu And Kashmir,Lok Sabha,147000000.0,47977099.0,32.64,185,141,56.75,99022901.0,219,215,4,
Dr. Kalpana Saini (2022-28),Sitting Rajya Sabha,Uttarakhand,Rajya Sabha,200830405.8,65308088.0,32.52,58,131,30.69,135522317.8,159,152,7,
S Venkatesan,MADURAI,Tamil Nadu,Lok Sabha,147000000.0,47771116.0,32.5,46,81,36.22,99228884.0,70,67,3,
Smt S Jothimani,KARUR,Tamil Nadu,Lok Sabha,147000000.0,47711966.0,32.46,86,90,48.86,99288034.0,101,100,1,
Bhagirath Chaudhary,AJMER,Rajasthan,Lok Sabha,147000000.0,47373540.0,32.23,58,99,36.94,99626460.0,642,528,114,
Smt Sajda Ahmed,ULUBERIA,West Bengal,Lok Sabha,147000000.0,47212277.0,32.12,91,88,50.84,99787723.0,111,109,2,
Shri Ryaga Krishnaiah (2024-28),Sitting Rajya Sabha,Andhra Pradesh,Rajya Sabha,170413583.79,54608584.0,32.04,30,39,43.48,115804999.79,35,35,0,
DR.MALLU RAVI,NAGARKURNOOL,Telangana,Lok Sabha,147000000.0,47000729.0,31.97,143,84,63.0,99999271.0,156,155,1,
Shri Damodar Rao Divakonda (2022-28),Sitting Rajya Sabha,Telangana,Rajya Sabha,239919406.11,76576137.0,31.92,109,186,36.95,163343269.11,194,194,0,
RAKIBUL HUSSAIN,DHUBRI,Assam,Lok Sabha,147000000.0,46453373.0,31.6,25,152,14.12,100546627.0,138,132,6,
Shri Janardan Singh Sigriwal ,MAHARAJGANJ,Bihar,Lok Sabha,147000000.0,46417759.0,31.58,18,56,24.32,100582241.0,44,42,2,
Kinjarapu Ram Mohan Naidu,SRIKAKULAM,Andhra Pradesh,Lok Sabha,171200630.11,53576961.0,31.29,60,155,27.91,117623669.11,102,100,2,
Shri Randeep Singh Surjewala (2022-28),Sitting Rajya Sabha,Rajasthan,Rajya Sabha,196063957.11,60881596.0,31.05,55,94,36.91,135182361.11,243,237,6,
AMBICA G LAKSHMINARAYANA VALMIKI,ANANTAPUR,Andhra Pradesh,Lok Sabha,201899064.11,62202871.0,30.81,42,116,26.58,139696193.11,81,79,2,
GOVIND MAKTHAPPA KARJOL,CHITRADURGA,Karnataka,Lok Sabha,147000000.0,45195747.0,30.75,19,204,8.52,101804253.0,121,107,14,
Midhun Reddy,RAJAMPET,Andhra Pradesh,Lok Sabha,178951477.11,55016006.0,30.74,177,317,35.83,123935471.11,228,206,22,
KONDA VISHWESHWAR REDDY,CHELVELLA,Telangana,Lok Sabha,186441916.11,57214092.0,30.69,180,339,34.68,129227824.11,214,212,2,
Shri Mohammed Nadimul Haque (2024-30),Sitting Rajya Sabha,West Bengal,Rajya Sabha,147000000.0,45077861.0,30.67,1,18,5.26,101922139.0,16,16,0,
HARENDRA SINGH MALIK,MUZAFFARNAGAR,Uttar Pradesh,Lok Sabha,147000000.0,45077485.0,30.66,32,183,14.88,101922515.0,140,121,19,
Kaushalendra Kumar,NALANDA,Bihar,Lok Sabha,147000000.0,44517141.0,30.28,91,74,55.15,102482859.0,94,92,2,
H.D. KUMARASWAMY,MANDYA,Karnataka,Lok Sabha,147000000.0,44450000.0,30.24,7,140,4.76,102550000.0,127,117,10,
Shri Abdul Wahab (2021-27),Sitting Rajya Sabha,Kerala,Rajya Sabha,310898953.29,93760670.0,30.16,120,247,32.7,217138283.29,164,163,1,
K. C VENUGOPAL,ALAPPUZHA,Kerala,Lok Sabha,147000000.0,44331588.0,30.16,37,52,41.57,102668412.0,67,67,0,
ARUNA. D. K,MAHABUBNAGAR,Telangana,Lok Sabha,147000000.0,44232038.0,30.09,127,195,39.44,102767962.0,153,152,1,
Shri Amar Singh,FATEHGARH SAHIB,Punjab,Lok Sabha,147000000.0,43153324.0,29.36,60,289,17.19,103846676.0,521,505,16,
RAJABHAU,NASHIK,Maharashtra,Lok Sabha,152878682.11,44799862.0,29.3,21,89,19.09,108078820.11,47,42,5,
DR. S P SINGH,PRATAPGARH,Uttar Pradesh,Lok Sabha,147000000.0,42783929.0,29.1,106,533,16.59,104216071.0,128,107,21,
Dr. Dharmasthala Veerendra Heggade (2022-28),Nominated Rajya Sabha,Karnataka,Rajya Sabha,196063957.11,56879514.0,29.01,301,173,63.5,139184443.11,641,632,9,
Shri Pabitra Margherita (2022-28),Sitting Rajya Sabha,Assam,Rajya Sabha,220563957.11,62784403.44,28.47,5,205,2.38,157779553.67000002,110,110,0,
SUKANTA KUMAR PANIGRAHI,KANDHAMAL,Odisha,Lok Sabha,190712424.11,54209040.0,28.42,148,202,42.29,136503384.11,352,329,23,
Dr Shashi Tharoor,THIRUVANANTHAPURAM,Kerala,Lok Sabha,147000000.0,41754577.0,28.4,40,74,35.09,105245423.0,61,61,0,
Dr. Medha Vishram Kulkarni (2024-30),Sitting Rajya Sabha,Maharashtra,Rajya Sabha,147000000.0,41737818.0,28.39,31,76,28.97,105262182.0,49,49,0,
Mahendra Singh Solanky,DEWAS,Madhya Pradesh,Lok Sabha,147000000.0,41462417.0,28.21,10,131,7.09,105537583.0,107,105,2,
Shri Banshilal Gurjar (2024-30),Sitting Rajya Sabha,Madhya Pradesh,Rajya Sabha,147000000.0,41424435.0,28.18,10,71,12.35,105575565.0,94,93,1,
Smt. P. T. Usha (2022-28),Nominated Rajya Sabha,Kerala,Rajya Sabha,196063957.11,55206130.0,28.16,39,83,31.97,140857827.11,77,76,1,
S. Jagathrakshakan,ARAKKONAM,Tamil Nadu,Lok Sabha,180589332.34,50567596.0,28.0,34,130,20.73,130021736.34,53,52,1,
Shri Rajib Bhattacharjee (2024-28),Sitting Rajya Sabha,Tripura,Rajya Sabha,122500000.0,34210580.0,27.93,18,40,31.03,88289420.0,39,36,3,
Sanjay Haribhau Jadhav,PARBHANI,Maharashtra,Lok Sabha,147000000.0,40999822.0,27.89,28,56,33.33,106000178.0,49,49,0,
GOPINATH K,KRISHNAGIRI,Tamil Nadu,Lok Sabha,147000000.0,40994453.0,27.89,36,77,31.86,106005547.0,56,55,1,
Shri LS Tejasvi Surya ,BANGALORE SOUTH,Karnataka,Lok Sabha,147000000.0,40913804.0,27.83,25,112,18.25,106086196.0,51,49,2,
M. MALLESH BABU,KOLAR,Karnataka,Lok Sabha,147065957.11,40766132.0,27.72,3,73,3.95,106299825.11,122,121,1,
Nitin Jairam Gadkari,NAGPUR,Maharashtra,Lok Sabha,168195086.11,46558565.0,27.68,19,48,28.36,121636521.11,35,29,6,
JASHUBHAI BHILUBHAI RATHVA,CHHOTA UDAIPUR,Gujarat,Lok Sabha,147000000.0,40624412.0,27.64,100,248,28.74,106375588.0,126,119,7,
ABHIJIT GANGOPADHYAY,TAMLUK,West Bengal,Lok Sabha,147000000.0,40622867.78,27.63,74,191,27.92,106377132.22,125,122,3,
BASTIPATI NAGARAJU PANCHALINGALA,KURNOOL,Andhra Pradesh,Lok Sabha,159998515.11,44033277.0,27.52,143,65,68.75,115965238.11,145,145,0,
PARSHOTTAMBHAI RUPALA,RAJKOT,Gujarat,Lok Sabha,147000000.0,40230082.0,27.37,90,229,28.21,106769918.0,96,87,9,
KOTA SRINIVAS POOJARY,UDUPI CHIKMAGALUR,Karnataka,Lok Sabha,147000000.0,39870575.0,27.12,51,269,15.94,107129425.0,110,98,12,
ATUL GARG,GHAZIABAD,Uttar Pradesh,Lok Sabha,155336470.0,42043789.0,27.07,36,41,46.75,113292681.0,49,40,9,
GAURAV GOGOI,JORHAT,Assam,Lok Sabha,147000000.0,39747670.0,27.04,33,429,7.14,107252330.0,447,442,5,
Dr. M. Dhanapal (2025-31),Sitting Rajya Sabha,Tamil Nadu,Rajya Sabha,89248285.42,23989964.0,26.88,27,24,52.94,65258321.42,34,33,1,
Ravindra Vasantrao Chavan,NANDED,Maharashtra,Lok Sabha,147000000.0,39344293.0,26.76,26,115,18.44,107655707.0,48,44,4,
SHIVRAJ SINGH CHOUHAN,VIDISHA,Madhya Pradesh,Lok Sabha,147000000.0,38851625.0,26.43,10,97,9.35,108148375.0,128,128,0,
Dr. L. Murugan (2024-30),Sitting Rajya Sabha,Madhya Pradesh,Rajya Sabha,147000000.0,38699774.0,26.33,6,32,15.79,108300226.0,40,39,1,
MAHIMA KUMARI MEWAR,RAJSAMAND,Rajasthan,Lok Sabha,183892143.0,48238044.0,26.23,26,109,19.26,135654099.0,272,253,19,
BAPI HALDAR,MATHURAPUR,West Bengal,Lok Sabha,147000000.0,38508401.0,26.2,85,78,52.15,108491599.0,100,100,0,
SAMBIT PATRA,PURI,Odisha,Lok Sabha,147000000.0,38354750.0,26.09,548,175,75.8,108645250.0,847,847,0,
ADHIKARI SOUMENDU,KANTHI,West Bengal,Lok Sabha,147000000.0,38304241.0,26.06,29,41,41.43,108695759.0,31,31,0,
Ganesh Singh,SATNA,Madhya Pradesh,Lok Sabha,147000000.0,37994332.0,25.85,77,241,24.21,109005668.0,179,178,1,
Shri A. A. Rahim (2022-28),Sitting Rajya Sabha,Kerala,Rajya Sabha,220563957.11,56633403.0,25.68,17,58,22.67,163930554.11,36,36,0,
Y S Avinash Reddy,KADAPA,Andhra Pradesh,Lok Sabha,156430260.11,40037027.0,25.59,57,243,19.0,116393233.11,86,85,1,
DEVESH CHANDRA THAKUR,SITAMARHI,Bihar,Lok Sabha,163809205.11,41894417.0,25.58,119,90,56.94,121914788.11,129,129,0,
MUHAMMED HAMDULLAH SAYEED,LAKSHADWEEP,Lakshadweep,Lok Sabha,153942460.41,39337535.0,25.55,2,26,7.14,114604925.41,20,20,0,
DR.K.SUDHAKAR,CHIKBALLAPUR,Karnataka,Lok Sabha,147000000.0,37428975.0,25.46,18,142,11.25,109571025.0,134,134,0,
Annpurna Devi ,KODARMA,Jharkhand,Lok Sabha,166665931.8,42079828.0,25.25,85,303,21.91,124586103.8,146,136,10,
Saptagiri Sankar Ulaka,KORAPUT,Odisha,Lok Sabha,269500000.0,67850166.0,25.18,159,416,27.65,201649834.0,235,230,5,
DHAVAL LAXMANBHAI PATEL,VALSAD,Gujarat,Lok Sabha,147000000.0,36923530.0,25.12,60,176,25.42,110076470.0,69,65,4,
DR RAJKUMAR SANGWAN,BAGHPAT,Uttar Pradesh,Lok Sabha,147000000.0,36662976.0,24.94,16,103,13.45,110337024.0,78,66,12,
Smt. Jebi Mather Hisham (2022-28),Sitting Rajya Sabha,Kerala,Rajya Sabha,220563957.11,54417993.0,24.67,47,72,39.5,166145964.11,75,75,0,
Shri Suresh Kodikunnil,MAVELIKKARA,Kerala,Lok Sabha,172429519.11,41963456.0,24.34,58,133,30.37,130466063.11,85,85,0,
Shrirang Appa Barne,MAVAL,Maharashtra,Lok Sabha,147000000.0,35720911.0,24.3,32,75,29.91,111279089.0,53,53,0,
GODAM NAGESH,ADILABAD,Telangana,Lok Sabha,147000000.0,35717086.0,24.3,80,277,22.41,111282914.0,142,142,0,
Shri Bhartruhari Mahtab,CUTTACK,Odisha,Lok Sabha,147000000.0,35411567.0,24.09,86,397,17.81,111588433.0,269,268,1,
MANNA LAL RAWAT,UDAIPUR,Rajasthan,Lok Sabha,147000000.0,35324098.0,24.03,24,176,12.0,111675902.0,177,169,8,
Shri Kanad Purkayastha (2025-31),Sitting Rajya Sabha,Assam,Rajya Sabha,98000000.0,23363207.0,23.84,0,50,0.0,74636793.0,31,30,1,
DR. MANSUKH MANDAVIYA,PORBANDAR,Gujarat,Lok Sabha,147000000.0,34762587.0,23.65,72,238,23.23,112237413.0,86,85,1,
Dr. John Brittas (2021-27),Sitting Rajya Sabha,Kerala,Rajya Sabha,245063957.11,57506835.0,23.47,36,108,25.0,187557122.11,57,56,1,
Shri Ghanshyam Tiwari (2022-28),Sitting Rajya Sabha,Rajasthan,Rajya Sabha,196063957.11,45570943.0,23.24,28,60,31.82,150493014.11,190,181,9,
BHASKAR MURLIDHAR BHAGARE,DINDORI,Maharashtra,Lok Sabha,147000000.0,34081627.0,23.18,19,100,15.97,112918373.0,37,35,2,
AMRINDER SINGH RAJA WARRING,LUDHIANA,Punjab,Lok Sabha,147000000.0,33972409.0,23.11,59,187,23.98,113027591.0,326,323,3,
SATPAL BRAHAMCHARI,SONEPAT,Haryana,Lok Sabha,147000000.0,33940251.0,23.09,19,212,8.23,113059749.0,200,166,34,
AMRARAM,SIKAR,Rajasthan,Lok Sabha,165691544.11,38165228.0,23.03,49,122,28.65,127526316.11,313,294,19,
CHHATRAPATI SHAHU SHAHAJI,KOLHAPUR,Maharashtra,Lok Sabha,147000000.0,33696592.0,22.92,22,79,21.78,113303408.0,34,34,0,
BAJRANG MANOHAR SONWANE,BEED,Maharashtra,Lok Sabha,165899107.19,37977152.0,22.89,20,80,20.0,127921955.19,39,37,2,
Dr. Sudhanshu Trivedi (2024-30),Sitting Rajya Sabha,Uttar Pradesh,Rajya Sabha,147000000.0,33646948.0,22.89,14,39,26.42,113353052.0,28,28,0,
VISHWESHWAR HEGDE KAGERI,UTTARA KANNADA,Karnataka,Lok Sabha,147000000.0,33350000.0,22.69,30,113,20.98,113650000.0,83,79,4,
Shri Yerram Venkata Subba Reddy (2024-30),Sitting Rajya Sabha,Andhra Pradesh,Rajya Sabha,147000000.0,33232213.0,22.61,38,104,26.76,113767787.0,72,64,8,
KRITI DEVI DEBBARMAN,TRIPURA EAST,Tripura,Lok Sabha,147000000.0,32934783.0,22.4,13,29,30.95,114065217.0,24,24,0,
AMAR SHARADRAO KALE,WARDHA,Maharashtra,Lok Sabha,147000000.0,32855968.0,22.35,29,79,26.85,114144032.0,40,38,2,
Shri Sadanand Mhalu Shet Tanavade (2023-29),Sitting Rajya Sabha,Goa,Rajya Sabha,171500000.0,37836353.99,22.06,8,33,19.51,133663646.01,26,26,0,
V. SOMANNA,TUMKUR,Karnataka,Lok Sabha,147000000.0,32293790.0,21.97,4,57,6.56,114706210.0,26,17,9,
BHOJRAJ NAG,KANKER,Chhattisgarh,Lok Sabha,164672734.11,35985836.0,21.85,29,44,39.73,128686898.11,104,101,3,
Hasmukh Bhai Soma Bhai Patel,AHMEDABAD EAST,Gujarat,Lok Sabha,147000000.0,32021270.0,21.78,20,176,10.2,114978730.0,36,36,0,
ADV GOWAAL KAGADA PADAVI,NANDURBAR,Maharashtra,Lok Sabha,147816309.11,32041066.0,21.68,189,90,67.74,115775243.11,189,189,0,
D M Kathir Anand,VELLORE,Tamil Nadu,Lok Sabha,160196941.11,33728871.0,21.05,15,67,18.29,126468070.11,38,38,0,
PRADEEP PUROHIT,BARGARH,Odisha,Lok Sabha,147000000.0,30901278.0,21.02,41,241,14.54,116098722.0,112,105,7,
E.T. MOHAMMED BASHEER,MALAPPURAM,Kerala,Lok Sabha,163895872.11,34451493.0,21.02,40,150,21.05,129444379.11,72,68,4,
MADHAVANENI RAGHUNANDAN RAO,MEDAK,Telangana,Lok Sabha,147000000.0,30484168.0,20.74,41,141,22.53,116515832.0,49,49,0,
Shri Masthan Rao Yadav Beedha (2024-28),Sitting Rajya Sabha,Andhra Pradesh,Rajya Sabha,171296045.11,35512349.0,20.73,33,87,27.5,135783696.11,46,46,0,
Shri Jugal Kishore Sharma,JAMMU,Jammu And Kashmir,Lok Sabha,147000000.0,30369749.0,20.66,42,169,19.91,116630251.0,96,95,1,
Smt Aparajita Sarangi,BHUBANESWAR,Odisha,Lok Sabha,147420861.41,30447444.0,20.65,47,230,16.97,116973417.41,212,189,23,
DARSHAN SINGH CHOUDHARY,HOSHANGABAD,Madhya Pradesh,Lok Sabha,147000000.0,29992552.0,20.4,49,348,12.34,117007448.0,313,296,17,
Shri Subhash Barala (2024-30),Sitting Rajya Sabha,Haryana,Rajya Sabha,147000000.0,29685944.0,20.19,4,73,5.19,117314056.0,62,59,3,
Dr. Laxmikant Bajpayee (2022-28),Sitting Rajya Sabha,Uttar Pradesh,Rajya Sabha,196000000.0,39061207.0,19.93,4,62,6.06,156938793.0,37,33,4,
ANANTA NAYAK,KEONJHAR,Odisha,Lok Sabha,147000000.0,29211360.0,19.87,17,323,5.0,117788640.0,448,433,15,
ADV K FRANCIS GEORGE,KOTTAYAM,Kerala,Lok Sabha,188722256.11,37467974.0,19.85,53,298,15.1,151254282.11,82,78,4,
DR KALGE SHIVAJI BANDAPPA,LATUR,Maharashtra,Lok Sabha,147000000.0,28846420.0,19.62,26,89,22.61,118153580.0,34,32,2,
Vijay Kumar Hansdak,RAJMAHAL,Jharkhand,Lok Sabha,147223957.11,28886697.0,19.62,0,468,0.0,118337260.11,302,302,0,
Shri Samik Bhattacharya (2024-30),Sitting Rajya Sabha,West Bengal,Rajya Sabha,147000000.0,28774223.0,19.57,10,41,19.61,118225777.0,28,23,5,
Ramvir Singh Bidhuri,SOUTH DELHI,Delhi,Lok Sabha,147559100.0,28849836.0,19.55,41,82,33.33,118709264.0,48,48,0,
Adv Adoor Prakash ,ATTINGAL,Kerala,Lok Sabha,147000000.0,28617364.0,19.47,108,337,24.27,118382636.0,115,111,4,
RAJPALSINH MAHENDRASINH JADAV,PANCHMAHAL,Gujarat,Lok Sabha,147000000.0,28356198.0,19.29,89,372,19.31,118643802.0,132,107,25,
ABDUL RASHID SHEIKH,BARAMULLAH,Jammu And Kashmir,Lok Sabha,147000000.0,27714021.0,18.85,44,114,27.85,119285979.0,70,67,3,
Dr. Ashok Kumar Mittal (2022-28),Sitting Rajya Sabha,Punjab,Rajya Sabha,222487632.14,41747005.0,18.76,15,32,31.91,180740627.14,234,229,5,
Prabhubhai Nagarbhai Vasava,BARDOLI,Gujarat,Lok Sabha,147000000.0,27468376.0,18.69,62,253,19.68,119531624.0,84,83,1,
KADIYAM KAVYA,WARANGEL,Telangana,Lok Sabha,147000000.0,27189421.0,18.5,53,161,24.77,119810579.0,73,73,0,
Shri Rajmohan Unnithan ,KASARAGOD,Kerala,Lok Sabha,156754633.11,28932795.0,18.46,56,151,27.05,127821838.11,120,111,9,
AZAD KIRTI JHA,BARDHAMAN-DURGAPUR,West Bengal,Lok Sabha,179658399.98,33156887.0,18.46,6,106,5.36,146501512.98,30,29,1,
Anto Antony,PATHANAMTHITTA,Kerala,Lok Sabha,147000000.0,26984855.0,18.36,60,296,16.85,120015145.0,78,76,2,
Shri Kumbakudi Sudhakaran,KANNUR,Kerala,Lok Sabha,147000000.0,26785182.0,18.22,61,232,20.82,120214818.0,98,77,21,
RAHUL GANDHI,RAE BARELI,Uttar Pradesh,Lok Sabha,147000000.0,26686627.0,18.15,74,118,38.54,120313373.0,150,122,28,
SELJA,SIRSA,Haryana,Lok Sabha,147000000.0,26636075.0,18.12,59,251,19.03,120363925.0,152,135,17,
Praveen Khandelwal,CHANDINI CHOWK,Delhi,Lok Sabha,147470276.0,26487847.0,17.96,35,34,50.72,120982429.0,42,42,0,
Jaswantsinh Sumanbhai Bhabhor,DAHOD,Gujarat,Lok Sabha,147000000.0,26203905.0,17.83,68,327,17.22,120796095.0,89,84,5,
C.M.RAMESH,ANAKAPALLE,Andhra Pradesh,Lok Sabha,202531656.11,36002667.0,17.78,20,75,21.05,166528989.11,42,38,4,
CHARANJIT SINGH CHANNI,JALANDHAR,Punjab,Lok Sabha,147000000.0,26022604.0,17.7,58,151,27.75,120977396.0,205,205,0,
Shri Govindbhai Laljibhai Dholakia (2024-30),Sitting Rajya Sabha,Gujarat,Rajya Sabha,147000000.0,25955567.0,17.66,44,78,36.07,121044433.0,58,58,0,
GENIBEN NAGAJI THAKOR,BANASKANTHA,Gujarat,Lok Sabha,147000000.0,25832765.0,17.57,41,127,24.4,121167235.0,66,65,1,
Dilip Saikia,Darrang-Udalguri,Assam,Lok Sabha,147000000.0,25726095.0,17.5,5,225,2.17,121273905.0,148,146,2,
NIMUBEN JAYANTIBHAI BAMBHANIYA,BHAVNAGAR,Gujarat,Lok Sabha,147000000.0,25662379.0,17.46,28,34,45.16,121337621.0,34,34,0,
MANISH TEWARI,CHANDIGARH,Chandigarh,Lok Sabha,178351443.75,31109435.0,17.44,31,81,27.68,147242008.75,129,121,8,
Om Birla,KOTA,Rajasthan,Lok Sabha,163906956.6,28500390.0,17.39,15,46,24.59,135406566.6,91,90,1,
Shri I.S. Inbadurai (2025-31),Sitting Rajya Sabha,Tamil Nadu,Rajya Sabha,89248285.42,15065385.0,16.88,12,71,14.46,74182900.42,31,31,0,
MIAN ALTAF AHMAD,ANANTNAG,Jammu And Kashmir,Lok Sabha,147000000.0,24523857.0,16.68,14,113,11.02,122476143.0,35,35,0,
Harsh Malhotra,EAST DELHI,Delhi,Lok Sabha,147134131.0,24390277.0,16.58,51,61,45.54,122743854.0,57,55,2,
Shri Manan Kumar Mishra (2024-28),Sitting Rajya Sabha,Bihar,Rajya Sabha,235263957.11,38457500.0,16.35,31,57,35.23,196806457.11,39,38,1,
Krishan Pal Gurjar,FARIDABAD,Haryana,Lok Sabha,147000000.0,23658961.0,16.09,6,76,7.32,123341039.0,46,45,1,
Shri Sarbananda Sonowal (18LS),DIBRUGARH,Assam,Lok Sabha,147000000.0,23630250.0,16.08,3,84,3.45,123369750.0,62,54,8,
Vaithilingam Ve,Puducherry,Puducherry,Lok Sabha,209368972.11,33557935.0,16.03,13,62,17.33,175811037.11,27,22,5,
G. KUMAR NAIK,RAICHUR,Karnataka,Lok Sabha,147000000.0,23521564.0,16.0,9,119,7.03,123478436.0,46,44,2,
ASHISH DUBEY,JABALPUR,Madhya Pradesh,Lok Sabha,147000000.0,23263814.0,15.83,15,328,4.37,123736186.0,138,134,4,
Shri Jose K. Mani (2024-30),Sitting Rajya Sabha,Kerala,Rajya Sabha,122500000.0,19384930.0,15.82,26,154,14.44,103115070.0,44,43,1,
Shri Mahendra Bhatt (2024-30),Sitting Rajya Sabha,Uttarakhand,Rajya Sabha,147000000.0,23254909.0,15.82,11,108,9.24,123745091.0,159,157,2,
Dr. Sasmit Patra (2022-28),Sitting Rajya Sabha,Odisha,Rajya Sabha,196063957.11,31000333.0,15.81,42,250,14.38,165063624.11,123,120,3,
AVIMANYU SETHI,BHADRAK,Odisha,Lok Sabha,147000000.0,23107575.0,15.72,27,251,9.71,123892425.0,67,65,2,
Smt Supriya Sadanand Sule,BARAMATI,Maharashtra,Lok Sabha,147000000.0,23046333.0,15.68,10,116,7.94,123953667.0,32,31,1,
NARAYAN TATU RANE,RATNAGIRI-SINDHUDURG,Maharashtra,Lok Sabha,147000000.0,22993974.0,15.64,25,70,26.32,124006026.0,39,36,3,
Rao Inderjit Singh,GURGAON,Haryana,Lok Sabha,147000000.0,22744840.0,15.47,14,34,29.17,124255160.0,28,20,8,
Shri Kesridevsinh Jhala (2023-29),Sitting Rajya Sabha,Gujarat,Rajya Sabha,171500000.0,26513551.0,15.46,21,123,14.58,144986449.0,51,45,6,
DR. KIRSAN NAMDEO,GADCHIROLI-CHIMUR,Maharashtra,Lok Sabha,147000000.0,22599453.0,15.37,18,148,10.84,124400547.0,26,26,0,
Shri Hibi Eden,ERNAKULAM,Kerala,Lok Sabha,162177260.11,24928980.0,15.37,18,94,16.07,137248280.11,34,34,0,
Appalanaidu Kalisetti,VIZIANAGARAM,Andhra Pradesh,Lok Sabha,147000000.0,22325622.0,15.19,36,67,34.95,124674378.0,56,54,2,
Omprakash Bhupalsinh Alias Pawan Rajenimbalkar,OSMANABAD,Maharashtra,Lok Sabha,184758519.11,27342263.0,14.8,29,164,15.03,157416256.11,43,39,4,
Shri Raghav Chadha (2022-28),Sitting Rajya Sabha,Punjab,Rajya Sabha,237229207.25,34558312.0,14.57,4,2,66.67,202670895.25,34,34,0,
Smt. Rekha Sharma (2024-28),Sitting Rajya Sabha,Haryana,Rajya Sabha,98000000.0,14183077.0,14.47,1,144,0.69,83816923.0,187,182,5,
Shri Haris Beeran (2024-30),Sitting Rajya Sabha,Kerala,Rajya Sabha,122500000.0,17480985.0,14.27,9,207,4.17,105019015.0,23,22,1,
RAMASAHAYAM RAGHURAM REDDY,KHAMMAM,Telangana,Lok Sabha,147000000.0,20924125.0,14.23,18,194,8.49,126075875.0,45,40,5,
AGA SYED RUHULLAH MEHDI,SRINAGAR,Jammu And Kashmir,Lok Sabha,147000000.0,20822671.0,14.17,62,136,31.31,126177329.0,80,65,15,
Bansuri Swaraj,NEW DELHI,Delhi,Lok Sabha,154306950.0,21775293.0,14.11,41,69,37.27,132531657.0,46,44,2,
Shri Sudheer Gupta ,MANDSOUR,Madhya Pradesh,Lok Sabha,148988014.83,20845844.0,13.99,60,163,26.91,128142170.83,169,168,1,
KARTICK CHANDRA PAUL,RAIGANJ,West Bengal,Lok Sabha,202677986.56,28148611.0,13.89,99,302,24.69,174529375.56,102,102,0,
Pralhad Venkatesh Joshi,DHARWAD,Karnataka,Lok Sabha,147000000.0,20265814.0,13.79,28,174,13.86,126734186.0,65,55,10,
Dr Sukanta Majumdar ,BALURGHAT,West Bengal,Lok Sabha,157085364.9,21003612.0,13.37,33,153,17.74,136081752.9,41,41,0,
BHAUSAHEB RAJARAM WAKCHAURE,SHIRDI,Maharashtra,Lok Sabha,147000000.0,19420448.0,13.21,11,126,8.03,127579552.0,32,32,0,
Sanjay Uttamrao Deshmukh,YAVATMAL-WASHIM,Maharashtra,Lok Sabha,185640423.0,24518118.0,13.21,23,101,18.55,161122305.0,42,41,1,
Shri S Niranjan Reddy (2022-28),Sitting Rajya Sabha,Andhra Pradesh,Rajya Sabha,224621383.11,29499116.0,13.13,3,16,15.79,195122267.11,28,26,2,
Shri Golla Baburao (2024-30),Sitting Rajya Sabha,Andhra Pradesh,Rajya Sabha,147000000.0,18853785.0,12.83,2,42,4.55,128146215.0,19,19,0,
Manoj Tiwari,NORTH EAST DELHI,Delhi,Lok Sabha,225843858.0,28650238.0,12.69,6,17,26.09,197193620.0,9,9,0,
Shri Narain Dass Gupta (2024-30),Sitting Rajya Sabha,Delhi,Rajya Sabha,160837070.0,20020022.0,12.45,11,41,21.15,140817048.0,15,15,0,
Shri Ashok Singh (2024-30),Sitting Rajya Sabha,Madhya Pradesh,Rajya Sabha,147000000.0,18068265.0,12.29,11,99,10.0,128931735.0,57,55,2,
Anurag Singh Thakur,HAMIRPUR,Himachal Pradesh,Lok Sabha,149570117.11,18376823.0,12.29,45,162,21.74,131193294.11,231,224,7,
PRIYANKA SATISH JARKIHOLI,CHIKKODI,Karnataka,Lok Sabha,147000000.0,17833577.0,12.13,16,143,10.06,129166423.0,34,32,2,
VAMSI KRISHNA GADDAM,PEDDAPALLE,Telangana,Lok Sabha,148451721.11,16373473.0,11.03,9,62,12.68,132078248.11,22,22,0,
BIBHU PRASAD TARAI,JAGATSINGHPUR,Odisha,Lok Sabha,147000000.0,16033683.0,10.91,15,324,4.42,130966317.0,74,73,1,
SURESH GOPI,THRISSUR,Kerala,Lok Sabha,147000000.0,16001891.0,10.89,15,75,16.67,130998109.0,21,21,0,
SHAFI PARAMBIL,VADAKARA,Kerala,Lok Sabha,147000000.0,15909800.0,10.82,15,228,6.17,131090200.0,56,54,2,
VARUN CHAUDHRY,AMBALA,Haryana,Lok Sabha,255454264.0,27537055.0,10.78,3,154,1.91,227917209.0,104,99,5,
BISHNU PADA RAY,ANDAMAN AND NICOBAR ISLANDS,Andaman And Nicobar Islands,Lok Sabha,147000000.0,15498347.0,10.54,0,27,0.0,131501653.0,9,9,0,
Shripad Yesso Naik,NORTH GOA,Goa,Lok Sabha,147000000.0,15476370.0,10.53,1,110,0.9,131523630.0,25,25,0,
SAGAR ESHWAR KHANDRE,BIDAR,Karnataka,Lok Sabha,147000000.0,15422826.0,10.49,5,173,2.81,131577174.0,50,46,4,
DHANORKAR PRATIBHA SURESH ALIAS BALUBHAU,CHANDRAPUR,Maharashtra,Lok Sabha,147000000.0,14990871.0,10.2,7,69,9.21,132009129.0,14,14,0,
BALABHADRA MAJHI,NABARANGPUR,Odisha,Lok Sabha,147413962.11,14970212.0,10.16,20,200,9.09,132443750.11,128,105,23,
Krishna Prasad Tenneti,BAPATLA,Andhra Pradesh,Lok Sabha,167796849.11,16927605.0,10.09,6,118,4.84,150869244.11,23,21,2,
Prof Sougata Ray,DUM DUM,West Bengal,Lok Sabha,147000000.0,14046615.0,9.56,12,40,23.08,132953385.0,17,17,0,
Shri Sanjay Singh (2024-30),Sitting Rajya Sabha,Delhi,Rajya Sabha,184466426.11,16687160.0,9.05,16,85,15.84,167779266.11,22,22,0,
BACHHAV SHOBHA DINESH,DHULE,Maharashtra,Lok Sabha,147000000.0,13135243.0,8.94,13,79,14.13,133864757.0,14,12,2,
DR. PRASHANT YADAORAO PADOLE,BHANDARA-GONDIYA,Maharashtra,Lok Sabha,159680283.39,14261839.0,8.93,8,144,5.26,145418444.39,20,18,2,
Kamaljeet Sehrawat,WEST DELHI,Delhi,Lok Sabha,147000000.0,13075365.0,8.89,31,32,49.21,133924635.0,34,33,1,
DR. M.P ABDUSSAMAD SAMADANI,PONNANI,Kerala,Lok Sabha,170434031.11,15076499.0,8.85,48,276,14.81,155357532.11,53,52,1,
Shri PP Chaudhary,PALI,Rajasthan,Lok Sabha,147000000.0,12964180.0,8.82,8,34,19.05,134035820.0,143,142,1,
Ravindra Shyamnarayan Alias Ravi Kishan Shukla,GORAKHPUR,Uttar Pradesh,Lok Sabha,147000000.0,12572509.0,8.55,0,9,0.0,134427491.0,10,10,0,
Ramesh Chandappa Jigajinagi,BIJAPUR,Karnataka,Lok Sabha,269500000.0,22898132.0,8.5,0,362,0.0,246601868.0,115,94,21,
TANGELLA UDAY SRINIVAS,KAKINADA,Andhra Pradesh,Lok Sabha,199417886.76,16907864.0,8.48,6,16,27.27,182510022.76,10,10,0,
KAMAKHYA PRASAD TASA,Kaziranga,Assam,Lok Sabha,147000000.0,11985122.0,8.15,0,88,0.0,135014878.0,34,31,3,
Vishnu Dutt Sharma,KHAJURAHO,Madhya Pradesh,Lok Sabha,147000000.0,11209947.0,7.63,3,132,2.22,135790053.0,21,13,8,
KULDEEP INDORA,GANGANAGAR,Rajasthan,Lok Sabha,147000000.0,11119729.0,7.56,2,90,2.17,135880271.0,53,33,20,
Yogendra Chandoliya,NORTH WEST DELHI,Delhi,Lok Sabha,147876307.0,10961614.0,7.41,11,48,18.64,136914693.0,14,14,0,
DHARMENDRA PRADHAN,SAMBALPUR,Odisha,Lok Sabha,147000000.0,9704141.0,6.6,2,116,1.69,137295859.0,31,21,10,
TRIVENDRA SINGH RAWAT,HARDWAR,Uttarakhand,Lok Sabha,147000000.0,9309458.0,6.33,3,41,6.82,137690542.0,16,16,0,
Shri Satnam Singh Sandhu (2024-30),Nominated Rajya Sabha,Chandigarh,Rajya Sabha,147000000.0,9104144.0,6.19,4,20,16.67,137895856.0,59,58,1,
Shri Devendra Pratap Singh (2024-30),Sitting Rajya Sabha,Chhattisgarh,Rajya Sabha,170837637.76,8275468.0,4.84,3,14,17.65,162562169.76,14,14,0,
Shri Subhasish Khuntia (2024-30),Sitting Rajya Sabha,Odisha,Rajya Sabha,147000000.0,5516064.0,3.75,3,219,1.35,141483936.0,31,31,0,
Mohamed Haneefa,LADAKH,Ladakh,Lok Sabha,161114542.0,6009392.0,3.73,0,55,0.0,155105150.0,8,8,0,
PARIMAL SUKLABAIDYA,SILCHAR,Assam,Lok Sabha,148300157.11,5386762.0,3.63,0,153,0.0,142913395.11,10,10,0,
Shyamkumar,RAMTEK,Maharashtra,Lok Sabha,147000000.0,5141086.0,3.5,1,34,2.86,141858914.0,6,5,1,
Chandra Prakash Joshi,CHITTORGARH,Rajasthan,Lok Sabha,147000000.0,4660559.0,3.17,10,186,5.1,142339441.0,41,41,0,
Shri B. Parthasaradhi Reddy (2022-28),Sitting Rajya Sabha,Telangana,Rajya Sabha,244365104.0,5945528.0,2.43,6,19,24.0,238419576.0,7,7,0,
Smt. Renuka Chowdhury (2024-30),Sitting Rajya Sabha,Telangana,Rajya Sabha,147000000.0,3061296.0,2.08,0,105,0.0,143938704.0,7,5,2,
RUDRA NARAYAN PANY,DHENKANAL,Odisha,Lok Sabha,155013957.11,3039057.0,1.96,0,79,0.0,151974900.11,22,22,0,
